barrier,dissemination,smp

iallreduce,sched_recursive_doubling,sched_reduce_scatter_allgather

scan,smp,recursive_doubling

reduce_scatter,recursive_doubling,recursive_halving,noncommutative,pairwise

iscatter,sched_binomial

igatherv,sched_linear

allgather,brucks,recursive_doubling,ring

exscan,recursive_doubling

neighbor_allgather,allcomm_nb

ibcast,sched_binomial,sched_smp,sched_scatter_recursive_doubling_allgather,sched_scatter_ring_allgather

ineighbor_alltoallw,allcomm_sched_linear

reduce,binomial,smp,reduce_scatter_gather

ineighbor_alltoallv,allcomm_sched_linear

iscatterv,allcomm_sched_linear

alltoallv,pairwise_sendrecv_replace,scattered

alltoallw,scattered,pairwise_sendrecv_replace

ireduce_scatter_block,sched_recursive_doubling,sched_pairwise,sched_recursive_halving,sched_noncommutative

bcast,scatter_recursive_doubling_allgather,binomial,scatter_ring_allgather

ineighbor_allgatherv,allcomm_sched_linear

ialltoallw,sched_inplace,sched_blocked

gatherv,allcomm_linear

allreduce,recursive_doubling,smp,reduce_scatter_allgather,tree2,tree3,tree4,recursive_multiplying3,recursive_multiplying4,recursive_multiplying8,recursive_multiplying16,recexch4,recexch8,recexch16

allreduce_ch4,composition_alpha,composition_beta

ireduce,sched_smp,sched_binomial,sched_reduce_scatter_gather

iallgather,sched_ring,sched_recursive_doubling,sched_brucks

alltoall,scattered,pairwise_sendrecv_replace,brucks,pairwise

ibarrier,sched_recursive_doubling

ireduce_scatter,MPIR_Ireduce_scatter_intra_sched_recursive_halving,MPIR_Ireduce_scatter_intra_sched_recursive_doubling,MPIR_Ireduce_scatter_intra_sched_pairwise,MPIR_Ireduce_scatter_intra_sched_noncommutative

scatter,binomial

ineighbor_alltoall,MPIR_Ineighbor_alltoall_allcomm_sched_linear

ialltoallv,MPIR_Ialltoallv_intra_sched_inplace,MPIR_Ialltoallv_intra_sched_blocked

reduce_scatter_block,MPIR_Reduce_scatter_block_intra_noncommutative,MPIR_Reduce_scatter_block_intra_pairwise,MPIR_Reduce_scatter_block_intra_recursive_halving,MPIR_Reduce_scatter_block_intra_recursive_doubling

iscan,MPIR_Iscan_intra_sched_recursive_doubling,MPIR_Iscan_intra_sched_smp

ineighbor_allgather,MPIR_Ineighbor_allgather_allcomm_sched_linear

neighbor_alltoall,MPIR_Neighbor_alltoall_allcomm_nb

iallgatherv,MPIR_Iallgatherv_intra_sched_ring,MPIR_Iallgatherv_intra_sched_brucks,MPIR_Iallgatherv_intra_sched_recursive_doubling

iexscan,MPIR_Iexscan_intra_sched_recursive_doubling

igather,MPIR_Igather_intra_sched_binomial

allgatherv,recursive_doubling,ring,brucks

gather,binomial

neighbor_allgatherv,MPIR_Neighbor_allgatherv_allcomm_nb

neighbor_alltoallv,MPIR_Neighbor_alltoallv_allcomm_nb

neighbor_alltoallw,MPIR_Neighbor_alltoallw_allcomm_nb

scatterv,MPIR_Scatterv_allcomm_linear

ialltoall,MPIR_Ialltoall_intra_sched_brucks,MPIR_Ialltoall_intra_sched_pairwise,MPIR_Ialltoall_intra_sched_inplace

